feature,importance
tags,0.07927581813929585
activities,0.07525661755549627
series,0.06891020910411613
coupons,0.06878259817728526
brands,0.06617859984340115
